text_1,text_2,label,POS dist score
take measures in order to,take additional measures to,4.0,0.0
was seeking to,will strive to,3.0,-1.0
canada aims to,canada works to,2.333,0.0
refugees and,refugee population,2.667,7.291479587554932
measures and,"instruments , and",3.0,6.255743980407715
provide both,", is provided",3.667,-1.0
policy goals,political goals,4.333,0.0
of non-governmental organisations,for non-governmental organizations,4.0,2.602788209915161
of the service,of services are,3.333,3.3534908294677734
resource availability .,of the resources available .,5.0,4.869043350219727
all nations that,all the countries that,5.0,4.615415096282959
now continue,in continuing,4.0,-1.0
the issue of,the questions of,3.667,5.609172344207764
not already,there were no,1.6669999999999998,-1.0
two types,two different types,4.667,0.0
you doing up there,you doin ' up here,5.0,-1.0
", religions",religious and,3.333,-1.0
matters that are,"subject matter ,",2.333,3.660905361175537
continues to play an,there continues to be a,3.333,-1.0
mitigate the consequences,reduce the impact,5.0,5.2548828125
", in certain instances",", in some instances",4.667,0.0
of alternative measures,of other measures,4.667,0.0
be improved,be consolidated,3.333,-1.0
p.m. to 4:00 p.m.,a.m. to 4 p.m.,3.0,0.0
did n't he,do n't know what it is,2.667,-1.0
you are about,you 're not gonna,2.667,-1.0
police investigations,an investigation,2.667,5.280503273010254
and the human rights,", and rights",3.333,0.0
is colonel,'s colonel,4.333,0.0
", including in particular the",", particularly those of",2.667,-1.0
been permitted to,is allowed to,4.333,-1.0
is considered that,is believed that,3.333,-1.0
of human trafficking .,the trafficking of human beings .,3.333,0.0
of the commission for the,committees on,1.3330000000000002,6.210408687591553
it is committed,the government is committed,2.333,-1.0
- when did you,"well , did you",3.333,-1.0
we have to go .,we should get going .,3.0,-1.0
and the mark,and the trade mark,4.667,0.0
", detailed",issue in detail,4.333,-1.0
was an emergency,was urgent,2.667,-1.0
those wishing to,persons who wish to,4.333,-1.0
others and,other jurisdictions and,3.333,8.027483940124512
convention provides,convention shall be,4.0,0.0
both employers,the employer shall,3.0,3.7449049949645996
compromise is,compromise proposed,3.333,0.0
is anxious to,is intended to,3.667,-1.0
considerably better,much better,3.667,-1.0
"additionally , it","in addition , it has",3.667,-1.0
proposals presented in,the proposals contained in,3.333,0.0
works well,are working,1.6669999999999998,-1.0
report addresses,report is,3.667,0.0
"of treaties ,",nations treaty,2.333,9.98090934753418
it is concerned that,it notes with concern that,4.0,-1.0
"fight against racism ,","fighting racism ,",3.0,0.0
provides an overview of the,gives an overview of,3.667,0.0
data are available,data base,2.667,0.0
note with appreciation that,note with satisfaction that,4.0,2.9621806144714355
of the following draft decision :,the following draft resolutions :,4.333,2.7553751468658447
"yes , she is","yeah , i 'm sure",3.667,2.205235004425049
ability to,they are able to,2.667,-1.0
we are confident that,we strongly believe that,4.667,-1.0
provincial governments,in the provinces,2.667,4.713537216186523
- everything is,- that 's all,2.333,-1.0
"- yeah , i do","- yes , he did",4.333,3.3078525066375732
be regarded as a,be considered to be an,3.667,-1.0
withdraw,considered withdrawn,4.0,5.067579746246338
of the highest importance,of the greatest importance,4.333,0.0
invited committee members,invited the committee,3.333,0.0
very sorry,"sorry , guys",4.667,-1.0
is implemented in,be applied in,2.0,-1.0
the contents,the content,5.0,5.391407489776611
arguments presented,-rrb- arguments,3.0,0.0
has all along been,have long been,4.667,-1.0
the policy objectives,the aims and objectives,2.667,2.5271053314208984
responding to questions,answer the questions,4.333,0.0
fair and adequate,fair and appropriate,3.667,2.4745986461639404
is just not,'s just not,4.333,-1.0
is to ensure that,guaranteeing that,3.0,-1.0
further consideration of the item,discussion of the topic,3.667,5.168469429016113
preventing the use,prevention of the use,4.333,0.0
men were,two men were,3.333,0.0
you are all,you 're all,4.333,-1.0
of qualifications and,of skills and,3.667,5.530797004699707
is an important stage,is an important step,2.333,5.291430473327637
prepared by,report prepared by,4.667,-1.0
such issues should be,these issues should be,4.0,0.0
regarding the application of the,on the operation of the,3.667,5.737144947052002
to discuss,to be considered in,3.0,-1.0
3/12/2005 ad -lrb- updated,", 20/11/2005 ad -lrb- updated",2.333,0.0
do n't know what happened,do n't know anything,3.667,-1.0
of the society,community was,2.667,4.508908748626709
accordance with the provisions of article,provided for in article,2.0,0.0
include the following :,will be the following :,2.0,0.0
on implementing the,concerning the implementation of the,4.0,-1.0
recommendations of the task,recommendations of the panel of,3.667,2.6118388175964355
of ammunition,"munitions ,",1.6669999999999998,5.456892013549805
outlined that,"indicated that ,",3.667,-1.0
neither is,", nor was",3.0,-1.0
", the board established",", the council established",3.0,4.331852436065674
presented by,pointed out by,3.0,-1.0
was noticeably,have been distinctly,4.333,-1.0
let 's get to it,"right , let 's get going",3.0,-1.0
distributed to,to submit to,2.0,-1.0
have put in place,has put,3.333,-1.0
including references to,have referred to,4.667,-1.0
"committee , having",the commission on the,3.667,4.057036876678467
probe into,investigation was,2.333,3.416604995727539
go forward with,go ahead with,5.0,-1.0
now i feel,i 've been feeling,3.667,5.000731468200684
is therefore important,is why it is important,3.667,-1.0
or programs,"programmes , as well",2.0,4.765869617462158
take responsibility for,be responsible for,5.0,-1.0
i 'm an idiot,i 'm such an idiot,4.667,0.0
", including where",", particularly where",3.667,-1.0
- you did n't,- i do n't believe this,2.0,-1.0
its grave concern at :,its serious concern at :,4.667,0.0
", having regard to the",in respecting the,3.0,-1.0
conflict resolution,conflicts have,3.0,6.550683975219727
be utilized for,to be used for,3.667,-1.0
enter into force,brought into force,4.667,0.0
followed closely,has been closely following,4.667,-1.0
greater participation of,greater involvement of,4.333,5.216133117675781
continue its consideration of this matter,continue consideration of this issue,4.333,2.667520046234131
all members of,the states members of,4.0,0.0
you 're talking,you talk,3.333,-1.0
", particularly the","and , in particular , the",3.667,-1.0
seems to be an,now seems to,2.667,-1.0
endangered wildlife in,endangered species in,2.333,5.487267017364502
", activities and","operations , and",3.0,5.8608832359313965
/ or recommendations,audit recommendations,2.667,2.8990137577056885
purposes are,"goals and objectives ,",4.0,12.332084655761719
you worry,you 're worried about,4.333,-1.0
report refers to the,report mentions the,5.0,3.27425217628479
relating to the situation in,regarding the situation in,4.667,0.0
provincial and territorial,the provinces and territories,3.667,-1.0
provisional agreement,interim agreement,3.333,0.0
why do i say that,why would they be doing that,3.0,-1.0
center of gaza strip,central gaza strip,4.667,0.0
on the question of the,on the issue of,3.0,5.311727523803711
are reproduced in annex,appear in annex,3.0,0.0
"- yes , she did","yes , that 's it",3.333,-1.0
advice from the,to the views of the,3.0,6.578498840332031
have thus been,have therefore been,3.333,-1.0
referred to in paragraph,referred to in section,4.333,6.459479331970215
are accepted,is to be adopted,2.0,-1.0
"of data ,",data are available,2.667,0.0
certain circumstances -lrb-,some cases -lrb-,4.667,7.062439441680908
are fundamental,is a key factor,3.0,-1.0
- how 're you doing,- how you doing,4.0,-1.0
a bit tired,really tired,3.667,-1.0
various regional groups,regional groups,3.667,0.0
relationships are,relations officer,1.6669999999999998,12.912805557250977
given time,given point in time,3.0,0.0
attach importance to,attached special importance to,3.667,0.0
police officers and,", the police and",3.333,0.0
used to think that,was just thinking that,3.333,-1.0
assumed responsibility,they are responsible for,3.667,-1.0
departments of education,ministry of education,4.333,2.4386579990386963
of the tribunal for the,of the courts to,3.0,6.03871488571167
it supported the,and endorsed the,2.0,-1.0
"dominic , i am so sorry",- i 'm sorry,4.0,2.8268868923187256
aims to,is making an effort to,2.333,5.761846542358398
's very important for,was very important for,4.667,-1.0
everything looks,all this is,3.333,-1.0
apply them,to be implemented,3.667,-1.0
of small arms .,of use of nuclear weapons .,2.0,12.142602920532227
non-governmental organizations,the non-governmental organisations,4.333,2.602788209915161
are implemented,be put into effect,3.333,-1.0
is illustrated in,is listed in,4.0,-1.0
and the costs of,and cost of,5.0,2.717648506164551
of people with disabilities,of persons with disabilities,5.0,2.664078712463379
are at present,is currently the,3.0,-1.0
been actively involved,actively engaged,5.0,-1.0
participate effectively in,be actively involved in,3.667,-1.0
's hard to believe,is hard to believe,4.0,-1.0
but were,", but rather that",3.333,-1.0
all necessary steps to,all measures necessary,4.667,5.243022918701172
the baltic states,the baltic sea,2.667,7.225298881530762
the goals set out in,the objectives set forth in,3.0,13.528999328613281
each state party to,states parties to,3.667,4.317994117736816
documentation and,documents and to,4.0,4.979946136474609
will leave,'m leaving,3.667,-1.0
plenary meetings and,plenary sessions and,3.667,4.509848594665527
", but rather that",", but it is",3.333,-1.0
cases even,case then,3.667,3.7155845165252686
"report , dated",report of the work of the,3.333,0.0
agreement reached,to reaching,1.3330000000000002,-1.0
development of a,of setting up a,3.667,-1.0
persons with reduced mobility,passengers with reduced mobility,5.0,3.2686688899993896
the knowledge and,the skills and,2.667,4.947863578796387
measured in,measured during,4.0,-1.0
", the sources said",the officials said,4.667,4.905786991119385
had originally been,had initially been,4.667,-1.0
and we are,", and we stand",3.667,-1.0
most of its,the majority of its,2.667,-1.0
where are you taking him ?,wh-where are you taking him ?,4.667,-1.0
concepts and,to the principles and,2.667,4.7115960121154785
"yes , that 's true .","yes , it does .",2.333,-1.0
of facilitating and,facilitation and,4.333,4.4850993156433105
to implement its,to carry out the,4.333,-1.0
rates at,rate is,3.0,3.9932334423065186
strives to,to pursue efforts to,3.333,6.890924453735352
are currently under,is under way,4.667,-1.0
's what it is,'s exactly right,3.0,-1.0
and non-governmental organizations ;,and ngos ;,4.333,5.125868320465088
established within,created in,3.333,-1.0
moved forward,move ahead,3.667,-1.0
is thanks to,thank you to,2.667,2.30716872215271
these programmes,the two programmes,4.667,0.0
their special needs,their particular needs,4.333,0.0
the euro area,the euro zone,3.667,10.479456901550293
a view to improving,to help improve,3.333,-1.0
's losing,is losing,3.333,-1.0
legal regulations,of regulations,3.667,0.0
and the outcome,and the results,4.667,4.728340148925781
will be issued in,will be included in,4.667,-1.0
generating electricity,produce electricity,3.667,0.0
required by the,", in accordance with the",2.667,-1.0
miles away,kilometres away,3.0,6.196413040161133
n't leave you,n't let you,3.667,-1.0
a rise in,has been an increase in,3.667,4.906641483306885
"oh , uh , yeah","yes , the hell there is",2.333,-1.0
that 's exactly who i am,that 's correct,2.667,-1.0
partnership established,"partnership """,4.0,0.0
are very close .,'re so close .,2.333,-1.0
came back,was coming,2.0,-1.0
even dressed,dressed,4.0,-1.0
were different,to differ,2.667,-1.0
products and services in,product and service,4.333,3.523634672164917
relevant legislation,laws and regulations,4.0,7.813544273376465
speculate that,is suggested that,3.667,-1.0
reports presented to the,reports before the,4.0,0.0
best contribute to,contribute to,3.667,0.0
for the purposes,only for the purpose,4.333,4.8867950439453125
"right , right , yeah","yes , it is",3.667,-1.0
i 'm not scared,- i 'm not afraid,5.0,0.0
approximately 200 000,about 200 000,2.0,-1.0
achievement of the goals of the,achieve the goals of the,4.333,0.0
's coming this way .,'m coming in .,3.667,-1.0
appropriate ways to,ways and means of,3.667,0.0
also encourages the,also calls upon the,2.333,-1.0
is an issue that,is a subject that,2.0,4.79332160949707
funds will,funding is,2.667,3.280036449432373
resources to,"available resources , to",3.667,0.0
listed in annex,contained in annex,4.0,0.0
"thoughts , no","- no , dad",2.333,-1.0
- so what happened ?,"-well , what happened ?",4.667,-1.0
educational system in,education system in,4.667,0.0
once again reiterate,once again reaffirms,3.0,-1.0
", as are the",as well as on the,2.667,-1.0
routes used,routes of,3.667,0.0
was pleased to note that,notes with satisfaction that,4.333,-1.0
", arrived here",arrived in the,4.0,-1.0
- these are,"- well , this is",1.3330000000000002,-1.0
is over .,'s all over .,3.0,-1.0
of supporting and,'s support of,3.667,-1.0
ask the secretary-general,requested the secretary- general,3.0,-1.0
parties to the treaty,the states parties to the treaty,4.0,0.0
beginning of the first,start of the first,4.667,4.632880687713623
are benefiting from,take advantage of,4.0,-1.0
"by its president ,",by the chairman,3.333,5.374861240386963
be necessary for the,was essential for,4.0,-1.0
that situation,such a situation,3.333,0.0
attention is paid,pay attention to the,4.667,0.0
add to the,", contributing to the",3.0,-1.0
you 're pretty,you look pretty,5.0,-1.0
board of directors and the,board and the,3.0,0.0
resources and,", natural resources and",4.0,0.0
and the suggestions,and propositions,4.333,5.312259674072266
am in favour of,expressed support for,3.0,5.780595302581787
"no , we wo n't","no , he does n't",2.333,-1.0
grown increasingly,becoming ever more,3.333,-1.0
sbi decided to,sbi agreed to,4.0,0.0
are attending,participate in the,3.0,-1.0
which was indispensable,which was vital,3.333,-1.0
of not less than 3,of not less than three,4.0,-1.0
of russia 's,of russia,4.667,0.0
would help to,is instrumental in,3.0,-1.0
this is not a toy,it 's not a toy,5.0,0.0
scared to death,really scared,3.667,-1.0
have an opportunity,were given the opportunity,3.667,0.0
shall be defined by,are established by,3.667,-1.0
require for,needed to be,4.0,-1.0
is ensuring that,is to guarantee that,4.333,-1.0
there is still,there may be,3.333,-1.0
risen significantly,increased substantially,3.667,-1.0
is of vital importance that,is necessary that,3.0,-1.0
of participating,of engaging in,3.667,-1.0
it has become a,has now become a,4.333,-1.0
has reviewed and considered,considered by,4.667,-1.0
is primarily due to,is largely due to,4.667,-1.0
", with special emphasis",", including , in particular",2.667,-1.0
targeted,well targeted,4.333,-1.0
intensive debate,intense debate,3.333,0.0
indicated that they,indicates that he,3.667,-1.0
countries members of the,countries in the,3.333,0.0
it was a party to,is a state party to,3.333,0.0
"now , however ,","there is , however ,",2.333,-1.0
very crucial,very critical,5.0,-1.0
took place during,had taken place in,4.333,0.0
almost 25 per cent,nearly 25 per cent,5.0,0.0
is crucial that,is vitally important for,2.667,-1.0
council members held,the members of the council welcomed,3.333,0.0
showed that it,demonstrated that it,4.0,-1.0
"- yeah , that 's it","- yes , he did",3.333,2.205235004425049
equal treatment of men and,equality between men and,3.333,3.5497546195983887
'm wondering,wonder,4.0,-1.0
", i wish to begin",", i should like to begin",4.667,-1.0
has been actively engaged in,has been active in,3.0,-1.0
participating in,are invited to participate in the,2.333,-1.0
is vitally important,is imperative,3.333,-1.0
correspondents and,reporter and,2.333,6.778939723968506
reporting guidelines,""" guidelines",4.333,0.0
really were,'re really,1.6669999999999998,-1.0
are fairly,are relatively more,2.0,-1.0
of basic rights,"for fundamental rights ,",4.667,0.0
", the panel found",", the committee found",3.667,4.46291971206665
of contacts between new,of the relationship between the,3.667,7.450711727142334
is crucial to,would be important to,4.0,-1.0
significantly increased,much more significant,3.0,-1.0
and the next day,"the following day ,",4.667,0.0
what were your intentions,"why , what 's the matter",2.667,6.063336372375488
of the opinion that,are of the view that,5.0,5.725422382354736
their member states,their members,2.333,5.48105001449585
an increase of almost,an increase of nearly,3.667,0.0
is a major component,are an important part,3.333,6.473460674285889
are certainly,have actually,4.333,-1.0
", the council is",", the council extended",3.0,0.0
", this is a",this represents an,4.333,-1.0
", resulting from the",derived from the,3.667,-1.0
"so , what is it ?",what 's all this ?,4.333,-1.0
levels in,level -lrb-,3.333,4.502447128295898
presented in,was reported in,4.333,-1.0
council was,"security council ,",3.333,0.0
opportunity to present,the possibility of submitting,3.333,5.364392280578613
is absolutely,is all very,2.667,-1.0
becoming members,become part,3.667,5.2539448738098145
", it is required to",there is a need to,4.0,-1.0
reminded the public,reminds members of the public that,3.333,0.0
and i am happy to,", and i am glad",3.333,-1.0
offence was committed,"criminal offence ,",1.3330000000000002,0.0
to include in,be contained in,3.0,-1.0
counsel recalls that,""" the security council recalls that",3.667,11.739100456237793
the results of such,results of this,3.333,0.0
- is it,"- hey , it",3.333,-1.0
reaffirms that the,reaffirming that the,3.667,-1.0
n't eaten anything,n't eaten,3.667,-1.0
why did n't you say something,why do you want to,3.0,-1.0
first six months,first six months of this year,4.0,0.0
in the circumstances,under the circumstances,4.667,0.0
parliament needs to,this house must,2.667,7.623463153839111
appreciates the efforts,appreciated the efforts,4.667,0.0
the protection provided for in this,the protection provided under this,5.0,0.0
program objectives,the program 's objectives,3.667,0.0
"yeah , he does","of course , yeah",2.667,0.0
their decision,their own decisions,3.667,4.179549694061279
my fear is that,my concern is that,4.0,5.431390762329102
achieving sustainable,sustainable management,4.0,-1.0
who maintain,who are in,4.0,-1.0
"- yeah , this is","- yeah , he 's",3.333,0.0
a huge opportunity,a great opportunity,4.0,0.0
and detailed,detailed description,2.667,-1.0
and that is exactly,and precisely,3.0,-1.0
results of an,the outcome of the,4.0,4.728340148925781
-roger who is this,- who 's that,3.333,-1.0
continued for,continues with,3.667,-1.0
of aboriginal languages,of indigenous languages,4.0,0.0
sufficient enough,insufficient,1.6669999999999998,-1.0
is the establishment of,is to set up,3.667,-1.0
in the development and implementation of,in the elaboration and implementation of,2.333,2.3400282859802246
's very important that,was essential for,4.333,-1.0
"no , that 's not true",it is not true,4.333,-1.0
center was,centre was,4.0,3.865103244781494
may remain,continued to be,3.667,-1.0
customs clearance,customs,2.667,0.0
it is crucial that,it is also essential,3.0,-1.0
i am scared,i 'm so scared,4.667,0.0
assistance payments,assistance to,3.0,0.0
but i am,"well , i 've",3.333,0.0
get involved,had been involved,3.667,-1.0
considered and adopted,discussed and adopted,4.0,-1.0
the differences among,the differences between,3.667,0.0
and regulations of,and rules of the,3.333,4.855848789215088
the arab states,the arabs,4.0,5.821798324584961
reaffirm the,", reiterating",3.667,-1.0
on the development of a,the process of drafting a,3.0,4.243056297302246
achieving a higher degree of,achieve greater,3.333,-1.0
to avoid,thus avoiding,4.333,-1.0
i work,i really am,3.0,0.0
has not yet been,have not already been,5.0,-1.0
examination of the question of the,consideration of the issue of the,3.333,5.297822952270508
- what 's that mean,what 's that supposed to mean,4.667,-1.0
list -rrb-,-rrb- listed,3.333,-1.0
pertinent terms and conditions of,requirements for the,3.333,8.198929786682129
cost of transportation,cost of transporting,4.667,0.0
this is unbelievable,- you 're unbelievable,4.667,-1.0
're really,are really,3.333,-1.0
rule 160,article 160,3.0,5.87358283996582
it emphasises,the state party emphasizes,3.0,-1.0
sake of the,interests of both the,3.667,5.868836879730225
are relevant to the,shall apply to the,3.333,-1.0
and submit them,and present them,3.333,-1.0
goes well beyond,go far beyond,3.667,-1.0
is worth emphasising,is necessary to underline,2.667,-1.0
all necessary measures for,all appropriate measures to ensure that,4.333,0.0
order to improve,", with a view to improving",3.0,6.218295097351074
is absolutely,is definitely,4.333,-1.0
management regimes,regulatory regimes,4.0,0.0
"yes , i am","oh , yes , you are",2.667,-1.0
strengthening cooperation among,strengthened cooperation between,3.667,0.0
nuclear weapons and international,nuclear weapons and the,2.0,0.0
"acknowledges ,",was acknowledged,4.667,-1.0
drafting committee,drafting of a,3.0,6.022558212280273
adopted a resolution,adoption of resolutions,4.333,8.107531547546387
was underlined that,was stressed that,2.667,-1.0
ministers of,prime minister in,3.667,4.04838228225708
are bad,be harmful,2.667,-1.0
medical doctors,by doctors,4.333,0.0
months back,months away,2.667,0.0
am going to tell you,'m going to tell you,5.0,-1.0
are operated by,are carried out by,4.333,-1.0
been communicated to,been forwarded to,3.667,-1.0
are in favour,lend my support,3.667,5.780595302581787
"activities , especially","activities , particularly",4.333,0.0
was still in,are in,3.667,-1.0
findings of the,outcomes of all the,1.6669999999999998,5.621614456176758
its operations,current operations,2.333,0.0
is not available to,are not subject to,3.333,-1.0
even more comprehensive,more comprehensive,4.667,-1.0
the proper functioning of,the normal functioning of,3.333,0.0
human rights violation,breaches of human rights,3.0,2.7580225467681885
"first and foremost ,",the first is that the,3.0,-1.0
guiding principles,principles,3.333,0.0
the special rapporteur informed the government,the special rapporteur advised the government,4.667,0.0
decided to defer the,decides to defer,4.333,-1.0
council is,rights council,3.667,0.0
on establishing,to be established,4.333,-1.0
also concluded,group concluded,4.667,-1.0
of progress made in implementing,of progress in the implementation,4.0,0.0
both the government of,the government is,4.0,0.0
article 78 of,section 78 of,3.667,4.9660468101501465
was able to,'ve managed to,3.667,-1.0
medical services,medical care is,4.667,6.279722690582275
adoption by,adopted an,4.0,-1.0
and capacity,and the ability,2.667,5.658346176147461
ensure the protection of,purpose of protecting,4.0,5.747224807739258
"member state , and",member states as well,3.667,2.1789841651916504
assisted to,is helping to,3.333,-1.0
in my answer,in my reply,4.667,4.040220737457275
the ship,board ships,3.333,7.00197696685791
included in,mainstreamed in,4.0,-1.0
preparing for,of the preparations for,4.667,-1.0
"no , no , this is","- nope ,",4.0,-1.0
is a need for,was vital for,2.333,-1.0
is to be,must therefore be,3.667,-1.0
and services sectors,and service sectors,5.0,1.6767454147338867
assets were,asset of,4.0,3.546721935272217
"return of refugees ,",refugee return,4.667,1.822869896888733
", government departments",departments is,2.667,0.0
- you 're lying,you are a liar,4.667,-1.0
real democracy,true democracy,3.667,0.0
am aware,is well known,3.0,-1.0
is naturally,are certainly,3.333,-1.0
toppled iraqi president saddam hussein,iraqi president saddam hussein,3.0,0.0
passenger traffic,passengers,3.333,7.026006698608398
during the elections,at the elections,2.667,0.0
by resolution,-lrb- resolutions,3.0,4.053765773773193
financing of this,financing of such,4.333,0.0
has agreed to,has been committed to,4.333,-1.0
transportation to,transport to,4.0,3.8694980144500732
", is committed to",remains committed to,3.0,-1.0
said that it,was suggested that it,4.333,-1.0
is important for,is critical to,2.0,-1.0
major general ghazi,general ghazi,4.333,0.0
the counterfeiting,counterfeits,5.0,4.50437593460083
policy recommendations,in recommendations,3.0,0.0
committee considers that,is of the opinion that,4.0,9.579259872436523
is certainly,is undoubtedly,4.667,-1.0
- cost,costs are,3.667,2.717648506164551
it is very important that,it was essential for,3.333,-1.0
you heard,you 've heard,4.333,-1.0
and to enhance their,and strengthening their,4.667,-1.0
"collection of data ,",gather data,4.667,3.3615317344665527
reaffirming that,", reiterating",3.0,-1.0
what the hell 's this,what is this,3.667,-1.0
ceased to be,to suspend the,3.333,-1.0
any requirement,information requirements,3.0,6.6919684410095215
", it 's clear",", it is clear",4.667,-1.0
and allocation of resources,and resource allocation,4.667,1.6230144500732422
and this is,and it 's gonna be,2.667,-1.0
"are you ok ,","- you all right ,",4.667,-1.0
", relating to",", in relation to",3.667,-1.0
", achieving","achievement ,",4.0,-1.0
both countries in,", the two countries",4.0,0.0
our standard of living,the living standards,4.333,2.391725778579712
supplied with,providing them with,3.667,-1.0
it is essential for,", it is necessary that",4.333,-1.0
achieved in the area of,made in the field of,4.0,5.070507526397705
of formulating,process of formulating,3.0,-1.0
the troop-contributing countries,the countries,3.0,0.0
at a press conference held,at a press conference,4.333,0.0
be completely,that is absolutely,3.667,-1.0
the creation of the state of,the establishment of the state of,5.0,2.2699716091156006
currently studying,currently working,3.333,-1.0
other non-governmental organizations,national non-governmental organizations,3.333,0.0
", i 've just",", but i 've got",3.333,-1.0
at all levels of,at all stages of,4.0,6.115513324737549
and state governments,"and governments ,",3.0,0.0
work with,'m trying to work with,4.0,-1.0
", undertaking",undertaken the,3.667,-1.0
were not able to,can no longer be,2.667,-1.0
not stopped,not ceased,5.0,-1.0
to believe,to be considered,2.667,-1.0
aimed at promoting,designed to promote,3.667,-1.0
objective is to assist,objective is to support,4.667,0.0
outcomes of its,the results of its,3.667,5.355480670928955
is approving,am in favour of,2.333,-1.0
was just about to,were about to,4.667,-1.0
is an extremely important issue,is very important,3.667,-1.0
the security council is ready to,the council is ready to,3.667,0.0
security systems,the security services,4.0,2.1398751735687256
to points raised,to issues raised,4.0,6.5896453857421875
"i am single , yes","yeah , i did",1.6669999999999998,0.0
and the ways in,", and the manner in",4.0,5.8038330078125
're funny,is funny,2.667,-1.0
conclusions as well as,of conclusions and,4.0,0.0
present proposals,forward proposals,3.333,0.0
"prescribed time ,","prescribed time limit ,",4.333,0.0
is crucial,is a key component,4.333,-1.0
goals and objectives,and objectives,4.333,0.0
have already taken steps,has taken steps,4.333,0.0
its cooperation with,its partnerships with,4.0,4.6801557540893555
of the military and,of the army and,4.333,3.906548500061035
"mental illnesses ,","mentally ill ,",4.333,-1.0
express our appreciation to the secretary-general,thanking the secretary-general,2.667,-1.0
a person under the age,persons below the age,3.667,2.2371654510498047
continues to experience,has continued to,4.0,-1.0
of these negotiations,of the negotiation process,4.0,8.116007804870605
", did n't we ?",", did n't l ?",4.0,-1.0
"concerned , the committee",", in the committee",3.333,0.0
of the limits,of the limitations,4.0,4.900150775909424
shall be retained,is maintained,2.333,-1.0
regions across the,regions at,3.333,0.0
everything 's all right,all is well,4.333,-1.0
but that is,"- well , this is",3.0,-1.0
beginning of this century,turn of the century,2.667,2.338202714920044
what happens,what the hell just happened,2.667,-1.0
", it is essential",it is important to,4.333,-1.0
established in december,created in december,4.0,0.0
"clearly , it",it was clear that,4.0,-1.0
reporting obligations,"obligations """,4.0,0.0
maybe this,are perhaps,3.333,-1.0
were under,is still under,3.333,-1.0
plans is,plan -lrb-,4.667,4.328143119812012
order to move,for moving,4.333,-1.0
a better understanding of the,improved understanding of the,4.333,0.0
aim is to,'s objective is to,4.333,4.839315414428711
"of children , in particular","of children , particularly",4.333,0.0
are currently under way,is in progress,2.667,4.9544854164123535
have voted in favour,has voted,3.333,-1.0
consider that to be,think that is,3.333,-1.0
following two reports,following reports,3.667,0.0
protection of the child,welfare of children,3.667,4.461784362792969
remind the house,to be reminded,3.333,-1.0
already adopted,had been adopted,3.333,-1.0
"bodies of the united nations ,","organs of the united nations ,",4.333,2.4022388458251953
is the question,is all about,3.333,-1.0
networks on,"new networks ,",3.333,0.0
enhance international,strengthen international,3.667,5.468631267547607
and further promote,and the promotion and,4.667,5.103400707244873
objectives for,the specific objectives of,2.667,0.0
"cases , such","cases , these",3.667,0.0
requests the commission,call upon the commission,3.333,2.969132900238037
the programme be,the program is,4.667,5.139528274536133
order to guarantee,of ensuring that,3.667,-1.0
", as indicated in",as referred to in,3.667,-1.0
is only one,is all a,2.667,-1.0
", the authorities should",", the administration should",3.333,5.496244430541992
recommendation that,further recommends that,3.667,-1.0
- ladies,"well , ladies",3.667,0.0
language used,"language , or",2.667,0.0
well known,may know,3.333,-1.0
knew you 'd come back .,knew you 'd come .,3.0,0.0
the committee agrees with,the commission agrees with,5.0,4.057036876678467
are essential,was important,3.667,-1.0
"of the citizens of europe ,","of europeans ,",4.333,7.582733631134033
is my sister,'s my sister,4.667,0.0
are effectively,be clearly,2.333,-1.0
you 're trying to,you would like to,4.0,-1.0
economic conditions,economic,3.667,-1.0
client services .,service to clients .,4.667,3.455205202102661
is significant,would be important,2.667,-1.0
believe to be,think is,4.333,-1.0
am asking you,'m just asking you,4.0,-1.0
's difficult for,is hard for,3.667,-1.0
know each other,know them,3.667,-1.0
and consequently,and therefore is,3.333,-1.0
reiterating that,reiterated its view that,4.333,-1.0
"of employment ,","of employment opportunities ,",3.667,0.0
"thank you , doctor","thank you , gentlemen",3.333,0.0
", where appropriate","when required ,",3.333,-1.0
had yet to be,have still not been,4.0,-1.0
of links between,of relationships between,4.0,7.817875862121582
centres of,regional centres for,4.333,0.0
those persons and,the individuals and,3.333,4.748751640319824
i am here,- i 'm in here,4.333,0.0
should be established,should be developed,3.667,-1.0
in all aspects of,in every aspect of,4.333,3.3900768756866455
reaffirmed by,been confirmed by,3.667,-1.0
reaffirms the need,reiterates the need,4.667,0.0
as well as the,as was the,2.667,-1.0
is n't possible,could n't be,3.667,-1.0
defence of the rights of,protecting the rights of,4.0,0.0
the following,the following projects,2.333,6.970346927642822
iceland 's,iceland,4.0,0.0
purposes of prostitution,context of prostitution,4.667,2.4381871223449707
must be of,must be given to,1.6669999999999998,-1.0
is easy for,'s very easy for,4.667,-1.0
completed,has now been completed,4.667,-1.0
you in here ?,- are you there ?,3.333,-1.0
orally and,orally amended,2.667,-1.0
", including , for example ,",", for example to",2.667,0.0
and the objective,and the aim,3.667,4.839315414428711
", and intergovernmental","and intergovernmental organizations ,",4.0,-1.0
is the administration,is the government,2.333,4.466699600219727
a couple of months ago,just a few months ago,4.667,0.0
the egyptian government,the government of egypt,3.667,0.0
applies only to,be limited to,4.0,-1.0
has knowledge,is also known,2.667,-1.0
observes that,has pointed out that,1.0,-1.0
exists no,there being no,4.333,-1.0
presented to the,to submit a,3.667,-1.0
the tribunal shall,the tribunal is required,2.0,-1.0
most indebted,most heavily indebted,3.667,-1.0
and young people,and young persons,4.0,5.328157424926758
and by strengthening,and further strengthening,4.667,-1.0
were not sufficient to,do not suffice to,4.333,-1.0
factor is,success factor,3.0,0.0
respondents noted,respondents indicated,2.333,0.0
- this was,then it was,3.667,-1.0
at the following session .,at the next session .,4.0,0.0
commission endorsed the,committee endorsed the,3.333,4.057036876678467
first nations people,"first nations ,",2.333,0.0
"programs and services ,",program / service,5.0,5.691262245178223
eu 2020 strategy,europe 2020 strategy is,4.0,2.809915542602539
the secretariat of the committee,the secretariat of the commission,3.0,2.0285184383392334
integrate itself,to become integrated,4.0,-1.0
is contrary to,be inconsistent with,4.333,-1.0
who are they,- who the hell is that,3.333,-1.0
languages other,language -rrb-,3.0,3.887458086013794
particular attention is paid,particular attention to,3.333,0.0
are talking about,speak of,4.333,-1.0
is capable of being,is able to,4.0,-1.0
committee at the,commission at its,3.667,4.057036876678467
to be prepared by the,drawn up by the,3.0,-1.0
objectives in terms,objectives are,4.0,0.0
of the general conference,the general assembly was,3.333,5.5497822761535645
the advantages of,the benefit of,4.333,5.662561893463135
dated 30 november 2000,on 30 november 2000,4.667,-1.0
should like to emphasise,wish to emphasise,5.0,-1.0
the adverse effects of,the negative impacts of,2.667,5.350887298583984
was eventually,had subsequently,3.333,-1.0
its concern about the,preoccupation over the,3.333,7.269765853881836
purpose of this project is,aim of this project is,4.333,2.282062530517578
is often difficult,can be hard,1.6669999999999998,-1.0
new government has,"government has ,",3.333,0.0
rates as,rate used,3.667,3.9932334423065186
's list of issues,its list of issues,5.0,0.0
"oh , really .","oh , is that so ?",4.333,-1.0
and assessments,evaluations were,2.333,3.689607858657837
cautioned that,was indicated that,2.333,-1.0
assessment should be,evaluation was,3.333,2.682006359100342
"or indirectly , to",or indirectly involved,4.0,-1.0
also remains,is still in,3.333,-1.0
account of the recommendations,in mind the recommendations,3.667,3.1575675010681152
process to be followed,procedures to be used,3.667,5.169678211212158
japan has,the government of japan has,3.0,0.0
- i see,i 've been seeing,3.0,0.0
like russia,such as russia,4.667,0.0
provided for in section,provided in article,3.0,4.9660468101501465
and will allow,and will enable,4.667,-1.0
results from the,the effects of the,4.667,6.082888126373291
was here,'s been here,3.0,-1.0
refusing to,are unwilling to,3.333,-1.0
- that 's my,is this my,3.0,-1.0
areas of competence,terms of reference,2.333,6.100095748901367
it 's my job .,this is my job .,2.667,0.0
may be able to,may be allowed,3.333,-1.0
", is necessary",there must,4.333,-1.0
's interested in,is interested in,4.333,-1.0
- i 'm telling you,i say to you,3.0,0.0
is n't your,'re not in your,2.333,-1.0
socio-economic rights,economic and social rights,4.333,0.0
by reason of its,by virtue of its,4.667,6.347943305969238
runs contrary to,was contrary to,4.667,-1.0
particular concerns,specific concerns,3.333,0.0
receive benefits,benefits are,3.0,0.0
"hey , you okay",you feeling all right,4.667,5.566019535064697
- this is great,"great , thank you",4.333,-1.0
", in the implementation of the",in implementing its,3.667,-1.0
is hereby replaced by the following,is replaced by the following,4.0,0.0
opportunity is,opportunity today,2.667,0.0
emphasized the need,emphasized the importance,4.667,6.716811656951904
expanded by,an increase by,4.333,-1.0
are necessary,needs to be done,2.333,-1.0
participate actively in the,be actively involved in the,3.333,-1.0
issue of trafficking,trafficking in persons,3.0,5.9058380126953125
are derived from the,arise from the,4.333,-1.0
sincerely hopes,to be hoped,3.333,-1.0
", and in particular those",", particularly regarding",3.0,-1.0
permanent members and,permanent category and the,3.667,6.093208312988281
translates into,are translated into,4.667,-1.0
completely destroyed,was destroyed,4.667,-1.0
changed by,is to amend,3.0,-1.0
basic infrastructure,infrastructure,4.667,0.0
are communicated,- communications,4.0,-1.0
is in here,'re over here,3.667,-1.0
it is quite clear,it is also clear,3.667,-1.0
who was that,- who 's that,2.333,-1.0
may be considered,may be regarded,4.0,-1.0
", especially in the countries",", particularly in countries",3.333,0.0
provided for under paragraph,called for in paragraph,3.667,0.0
"is essential that ,",is critical that,3.333,-1.0
of the board of directors,of the board of the,3.333,0.0
documents issued,documents on,2.667,0.0
also contributed to,has helped to,4.333,-1.0
- i do n't,ls n't,2.667,7.549619674682617
objects of the,of the purposes of the,2.667,5.670164108276367
ethnic communities,ethnic groups,4.0,4.560835838317871
and considers the,are considered to be the,4.333,-1.0
you need,necessary,4.333,-1.0
you are such an idiot,you fool,3.667,-1.0
which was applicable,that can be applied,2.667,-1.0
the trans-european networks,the trans-european transport network,4.333,7.814766883850098
of enhancing the,in fostering the,2.667,-1.0
had died,just died,3.333,-1.0
concerned with,very concerned about,2.333,-1.0
equal conditions,equals,4.667,6.905640602111816
main aim of the,main objectives of the,4.333,6.703588962554932
emphasizes the importance of the,underlines the need for,4.333,12.15850830078125
seriously wounded,were wounded,3.333,-1.0
members of the council,the legislative council,4.0,0.0
the creation of mechanisms,the establishment of mechanisms,4.667,2.2699716091156006
by the way in which,by the manner in which,4.333,6.214541912078857
", i think that 's",i believe this is,4.0,-1.0
and current,and was currently,4.0,-1.0
the obligations of,the commitments contained in,4.0,5.58919620513916
main trading partner,major trading partners,4.0,1.7519246339797974
are considered to be,shall be regarded as,4.333,-1.0
such measures,the relevant measures,3.667,0.0
would be required,may be necessary to,1.3330000000000002,-1.0
commission for human rights and,commission and,3.333,0.0
departments and,"other government departments , and",4.0,0.0
committee took,commission to,3.333,4.057036876678467
used to identify,used to indicate,4.0,-1.0
""" i am","yes , i am",4.0,-1.0
remain very,was still very,2.667,-1.0
"quite clearly ,",it is clearly,3.333,-1.0
delegation is convinced that,delegation firmly believes that,3.0,0.0
i do n't have time,i have n't got time,4.0,0.0
authority is,authorities to,3.667,5.307362079620361
", referring to",refers to the,4.0,-1.0
the task force and,the working group and,4.0,8.666751861572266
shall refuse to,are unwilling to,3.333,-1.0
had indicated that,shown that,4.0,-1.0
"of small and medium-sized enterprises ,",small and medium sized enterprises,4.333,0.0
is there anybody there,is anyone in there,5.0,2.6944546699523926
are quickly,are rapidly,3.333,-1.0
pointed out that,important to point out that,3.667,-1.0
it noted that the,working group noted that the,4.333,-1.0
and organizations,"-rrb- , the organization",2.0,3.6595118045806885
-it 's just,this is just,3.667,-1.0
- where 'd,where the hell did,2.667,-1.0
particulars of the,"for further details ,",2.333,5.834028244018555
quality of her,high quality of its,3.333,0.0
not already,have not yet been,2.667,-1.0
"resources , both human and",of human resources and,4.333,0.0
becomes possible,is still possible,4.0,-1.0
being seriously,seriously considering,4.0,-1.0
it was necessary to,there must be an,4.0,-1.0
selling of,purchase and sale of,4.0,8.466787338256836
few weeks and,week and,3.333,3.2377707958221436
"both categories ,","categories ,",3.667,0.0
", the commission was",", the board did",1.6669999999999998,4.563505172729492
normal conditions of,its normal,4.0,-1.0
're on the right track,are on the right path,3.667,6.103119373321533
intensify our efforts to,strengthen efforts to,4.667,0.0
products exported,", exports",3.333,6.388509750366211
"knew that ,",is recognised that,3.333,-1.0
it is necessary to,it was vital to,3.0,-1.0
natural disasters,disaster reduction,2.667,8.761910438537598
this is awesome !,that 's great !,3.333,-1.0
is an attempt,is now trying,4.333,-1.0
be perceived as,interpreted as,4.0,-1.0
our shared commitment,our common commitment,4.0,0.0
regarding the application of the,on the implementation of the,3.333,5.245262622833252
approximately one million,around one million,4.333,-1.0
accessible to everyone,accessible,4.667,-1.0
is moving forward,going ahead,3.667,-1.0
"about 20,000","around 20,000",3.667,-1.0
and publication,and was published,3.667,-1.0
adopted the draft decision,approved the draft decision,3.333,0.0
is part and parcel of,is one of,3.667,-1.0
been relatively,is very,1.6669999999999998,-1.0
right and obligation to,right and the duty to,3.667,5.783356666564941
"- gentlemen , gentlemen",my lords and gentlemen,3.333,0.0
", i just got",i only got,3.333,0.0
coming back,coming home,3.0,-1.0
", the board had",", the commission has",2.667,4.563505172729492
's fine,is fine,4.667,-1.0
its consideration of this,review of this,2.667,5.752584934234619
"medical doctors ,","for doctors ,",4.0,0.0
", not only at",", not just at",3.667,-1.0
this is something that,this really,2.667,-1.0
see table,tables,4.0,6.2508134841918945
been informed,received information,3.333,-1.0
an area of solidarity,solidarity,2.0,0.0
is permitted to,may be able to,3.667,-1.0
contributing to the,by facilitating the,3.667,-1.0
's recommendations contained in,recommendations included in,4.333,0.0
of the labour,of the population is,1.6669999999999998,6.653911113739014
the assembly also wishes to,the assembly too wishes to,4.333,0.0
co-sponsors on the draft resolution,the sponsors of the draft resolution,3.333,1.9965823888778687
"'s all right ,",", are you all right",3.0,-1.0
be forwarded to the,be transmitted to the,2.667,-1.0
was indicated that,points out that,3.667,-1.0
", especially in the area",", in particular in the areas",4.0,4.103270053863525
united nations membership,member states of the united nations,3.333,3.6031293869018555
never was,i 've never been,3.333,-1.0
it was nevertheless,it nonetheless,4.333,-1.0
"recalled that ,",was indicated that,2.333,-1.0
the specificities of,the characteristics of,4.333,-1.0
""" current",currently working,2.333,-1.0
'm coming back,comes back,3.333,-1.0
recommendation .,policy recommendations .,3.0,7.3186564445495605
allows you to,it enables you to,3.333,-1.0
was in favour of,is also supporting,4.667,-1.0
centres for,regional centres for,2.333,0.0
but it was,"; however , it is",3.333,-1.0
enhance productivity,improve productivity,3.333,0.0
the international criminal tribunal,the appeals tribunal,2.0,5.851996898651123
and stressing the,and underscored the,2.667,-1.0
shall adopt its own rules of,shall adopt its rules of,4.333,0.0
' exports,domestic export,2.667,3.88019061088562
both the united states,from the united states,4.0,0.0
are set out in annex,listed in annex,3.333,0.0
were essential for,is key to,3.667,-1.0
", thereby contributing",", thus providing",4.333,-1.0
- who 's,who are they,3.0,-1.0
so proud of you,really proud of you,4.333,-1.0
are essential to,be necessary for,3.0,-1.0
result of the,outcomes of all the,1.3330000000000002,5.8733391761779785
'm asking you to,ask you to,3.333,-1.0
to continue its endeavours,to continue his efforts,4.667,6.4241251945495605
i hope you 're kidding,you 're kidding,3.333,-1.0
replaced by :,replaced as follows :,4.333,-1.0
which is applicable to,that applied to,4.333,-1.0
2 . demands,. demands,4.0,0.0
i think that 's,i think that is,4.667,0.0
why exactly,why,3.667,-1.0
member states of the eu,members of the european union,4.333,5.727899551391602
what 's happened,what happens,4.333,-1.0
of ministers of,state minister for,2.667,8.09676456451416
is recommending,further recommends,4.0,-1.0
shall be authorized to,shall be permitted to,4.333,-1.0
were required to,are available to,2.667,-1.0
objectives and targets,objectives with,3.0,0.0
are not consistent with,was incompatible with,3.333,-1.0
to strengthen its efforts to,intensify efforts to,3.333,0.0
all aspects of the,all areas of the,4.333,5.507612228393555
play an important role in,play a major role in,3.667,0.0
were involved,to become involved,3.667,-1.0
the rights and liberties of,the rights and freedoms of,4.333,2.269009828567505
been withdrawn and,been removed and,3.667,-1.0
is now complete,is complete,5.0,-1.0
- are you sure ?,"well , yes .",1.6669999999999998,-1.0
"of these issues ,","in these matters ,",4.0,5.183192729949951
it necessary,it needs to be,3.667,-1.0
references in,referred to in,4.0,-1.0
while countering terrorism,when combating terrorism,4.333,0.0
any agreement,the peace agreements,3.333,10.74274730682373
is for that reason that,is exactly why,3.333,-1.0
", and considered",", and considers that",3.333,-1.0
be derived from,be drawn from,4.333,-1.0
outcomes of these,results from these,4.667,5.355480670928955
available online,", which is available",3.333,-1.0
's views .,views .,4.333,0.0
been solved,can be resolved,5.0,-1.0
the european union has,the eu has,4.0,8.134190559387207
of the activities of,on the operations of,2.333,5.8608832359313965
also reiterate,also reaffirmed that,5.0,-1.0
is recognised,also recognized,4.667,-1.0
of course we are,of course i 'm right,3.667,0.0
members of the committee for,member of the board,3.333,3.882477283477783
month ago,months in the,4.333,3.101092576980591
please keep,shall be kept,3.0,-1.0
recommendations :,recommendations for action,2.667,0.0
policy recommendations,specific recommendations,3.0,0.0
specific situations,special situation,4.0,4.039300918579102
was the issue,is the matter,4.667,5.4117512702941895
chairman of the working group,chair of the working group,2.667,3.0045382976531982
here it goes .,there you go .,4.0,-1.0
safeguard security,guarantee the security,2.333,0.0
was often,are most often,4.0,-1.0
million of,millions and millions,4.0,-1.0
", particularly article",", in particular its article",4.333,0.0
", i welcome the",", i am grateful for the",3.333,-1.0
and the aims,and the goals of the,3.667,6.676953315734863
political initiatives,policy initiatives,3.333,0.0
is because,is the reason why,3.0,-1.0
i really hope that,i am hopeful that,4.0,0.0
direction towards,moving towards,3.0,0.0
very concerned,further concerned,4.0,-1.0
and so i,and that is why i,2.333,-1.0
particularly with respect to the,including those relating to the,3.667,-1.0
or workshops,training workshops,4.0,0.0
as a result of,immediately following the adjournment of,2.333,7.468874454498291
is available to,are offered to,2.667,-1.0
field of,is a matter of,2.667,5.516355514526367
", and modernization",and modernization construction,4.333,0.0
is incompatible with,be contrary to,3.333,-1.0
you doing okay,you 're gonna be ok,3.667,-1.0
"aboriginal communities , and",aboriginal and,3.333,-1.0
is a simple one,'s simple,4.333,-1.0
of antimicrobial drugs,of antimicrobials,3.667,-1.0
produced per,produced by,3.0,-1.0
reported that,be pointed out that,2.667,-1.0
assistance provided by the,help from the,3.667,5.571251392364502
"yes , they are .","yeah , that 's right .",4.333,-1.0
members of this council,"legislative council ,",3.0,0.0
should help to,should contribute to,4.667,-1.0
"like france ,","including france ,",3.0,0.0
whether we need to,whether it is necessary to,5.0,-1.0
ca n't believe this is happening,ca n't believe this,3.667,-1.0
of equal opportunity,of equality of opportunity,4.0,0.0
he 's gone,he is gone,3.667,-1.0
advisory committee 's comments,observations of the advisory committee,4.0,2.6135194301605225
discussed at,discussion within,4.333,-1.0
both children,"children """,3.333,0.0
is the situation,'s the situation,4.333,0.0
of this paper is,of this article shall be,2.667,6.04641056060791
are indicated below,included the following,3.667,-1.0
", then click ok",", and click ok",4.667,0.0
a press conference held in,a news conference in,2.333,1.9524261951446533
coming months,the next few months,3.333,0.0
", reported that",", the report said",4.333,-1.0
a set of indicators,a series of indicators,4.667,2.386080503463745
consideration of this item at its,consideration of this matter at its,2.333,2.731315851211548
increase their efforts to,step up their efforts to,4.667,0.0
matters related to,matters relevant to the,4.333,0.0
've heard a lot,heard a lot,3.667,0.0
contribute significantly,made a significant contribution,4.667,4.2474284172058105
was decided to,decides whether to,2.667,-1.0
the importing of,the import of,4.333,6.041940212249756
- this is,"- hey , it 's",3.667,-1.0
achieve the objectives,achieving the goals,5.0,6.764499664306641
this factor,these considerations,2.667,7.350571632385254
i really am,"yes , i do",1.6669999999999998,-1.0
continued to consider,continued its consideration of,3.333,-1.0
did n't i,"do n't you think ,",3.0,-1.0
"had shown that ,",indicated that,3.667,-1.0
international instruments,international human rights instruments,3.667,0.0
are in the,are subject to the,2.667,-1.0
process of selecting,the select,3.667,6.006706237792969
's interesting to see,is interesting to see,4.333,-1.0
shall be in,are currently in,2.0,-1.0
been contributing,significantly contributed,3.0,-1.0
at the national and international levels,", nationally and internationally",4.0,-1.0
have yet been,have ever been,1.6669999999999998,-1.0
i got a gift for you,i got a present for you,5.0,0.0
"no , i am","oh , well , i",3.333,-1.0
shortfalls in,there is a shortage,2.0,6.247429847717285
revenue generation,revenue,4.333,0.0
i wish i knew,i want to know,3.667,4.929332733154297
national non-governmental organizations,the non-governmental organizations,3.667,0.0
the poorest of the poor,the very poor,4.0,-1.0
only half,half,4.0,0.0
confirms that a,confirmed that a,4.333,-1.0
at all levels of,at all stages of the,4.333,6.115513324737549
led by iyad,headed by iyad,2.333,0.0
- we 've got,i think we 've,3.667,-1.0
recommendations issued by the,recommendations contained in the,3.667,0.0
million u.s. dollars of,"million us dollars ,",5.0,0.0
considers that the,is of the opinion that the,3.0,6.386173248291016
listed in paragraph,in accordance with paragraph,2.667,0.0
that 's exactly what i,this is what i,3.333,0.0
", including both",", which included the",2.667,-1.0
be ensured that,assured that,3.0,-1.0
that solution,such a solution,5.0,0.0
explanations of vote,explanation,3.0,7.3142194747924805
is also important,is also imperative,2.667,-1.0
is certain that,expressed his belief that,3.333,-1.0
on the proposed,relating to the proposed programme,3.667,-1.0
unless specified otherwise,unless specifically stated otherwise,4.667,-1.0
its efforts to combat,the area of combating,3.667,6.7309675216674805
considered by the,give consideration to the,4.333,-1.0
an enlarged security,an expanded security,4.0,0.0
are detailed,"for detailed information ,",4.333,-1.0
